{
    "validation_nll": 2796.5716051906124,
    "average_log_loss_per_trial": 0.41615648886765066
}