{
    "validation_nll": 1361.0198180187288,
    "average_log_loss_per_trial": 0.42531869313085274
}